country,year,life_expectancy,income_inequality
Austria,2015,81.2,4.05
Austria,2016,81.6,4.09
Austria,2017,81.6,4.29
Austria,2018,81.7,4.04
Austria,2019,81.9,4.17
Austria,2020,81.3,4.11
Austria,2021,81.3,4
Austria,2022,81.4,4.25
Austria,2023,81.9,4.28
Austria,2024,82.1,4.34
Belgium,2015,80.9,3.83
Belgium,2016,81.3,3.85
Belgium,2017,81.4,3.84
Belgium,2018,81.5,3.79
Belgium,2019,81.8,3.6
Belgium,2020,80.8,3.63
Belgium,2021,81.7,3.41
Belgium,2022,81.7,3.53
Belgium,2023,82.3,3.39
Belgium,2024,82.4,3.45
Bulgaria,2015,74.5,7.11
Bulgaria,2016,74.7,7.69
Bulgaria,2017,74.6,8.23
Bulgaria,2018,74.7,7.66
Bulgaria,2019,74.8,8.1
Bulgaria,2020,73.3,8.01
Bulgaria,2021,71.2,7.45
Bulgaria,2022,74.1,7.3
Bulgaria,2023,75.7,6.61
Bulgaria,2024,75.8,6.96
Croatia,2015,77.4,5.14
Croatia,2016,78,4.9
Croatia,2017,77.8,4.97
Croatia,2018,78,5
Croatia,2019,78.3,4.74
Croatia,2020,77.6,4.59
Croatia,2021,76.6,4.77
Croatia,2022,77.7,4.57
Croatia,2023,78.5,4.91
Croatia,2024,78.9,4.97
Cyprus,2015,81.9,5.2
Cyprus,2016,82.8,4.88
Cyprus,2017,82.4,4.56
Cyprus,2018,83,4.29
Cyprus,2019,82.6,4.69
Cyprus,2020,82.7,4.28
Cyprus,2021,81.8,4.23
Cyprus,2022,82.2,4.22
Cyprus,2023,83,4.23
Cyprus,2024,83.5,4.4
Czechia,2015,78.6,3.51
Czechia,2016,79,3.5
Czechia,2017,79,3.4
Czechia,2018,79,3.32
Czechia,2019,79.2,3.34
Czechia,2020,78.3,3.34
Czechia,2021,77.2,3.43
Czechia,2022,79,3.48
Czechia,2023,79.8,3.42
Czechia,2024,80.1,3.32
Denmark,2015,80.7,4.08
Denmark,2016,80.9,4.06
Denmark,2017,81.1,4.08
Denmark,2018,81,4.11
Denmark,2019,81.4,4.09
Denmark,2020,81.5,4
Denmark,2021,81.4,3.93
Denmark,2022,81.3,4.03
Denmark,2023,81.7,4.15
Denmark,2024,82,4.16
Estonia,2015,77.7,6.21
Estonia,2016,77.8,5.56
Estonia,2017,78.2,5.42
Estonia,2018,78.4,5.07
Estonia,2019,78.8,5.08
Estonia,2020,78.8,5.03
Estonia,2021,77.2,5.03
Estonia,2022,78.1,5.39
Estonia,2023,78.9,5.37
Estonia,2024,79.4,5.03
Finland,2015,81.4,3.56
Finland,2016,81.3,3.58
Finland,2017,81.5,3.54
Finland,2018,81.6,3.65
Finland,2019,81.9,3.69
Finland,2020,81.8,3.72
Finland,2021,81.8,3.58
Finland,2022,81.2,3.75
Finland,2023,81.6,3.78
Finland,2024,82.2,3.73
France,2015,82.1,4.29
France,2016,82.4,4.32
France,2017,82.4,4.31
France,2018,82.6,4.23
France,2019,82.7,4.27
France,2020,82.2,4.42
France,2021,82.2,4.41
France,2022,82.2,4.6
France,2023,82.9,4.63
France,2024,83,4.66
Germany,2015,80.6,4.8
Germany,2016,80.9,4.62
Germany,2017,81,4.49
Germany,2018,80.9,5.07
Germany,2019,81.2,4.89
Germany,2020,81,4.87
Germany,2021,80.7,4.98
Germany,2022,80.5,4.38
Germany,2023,80.9,4.44
Germany,2024,81.2,4.49
Greece,2015,80.8,6.51
Greece,2016,81,6.55
Greece,2017,81,6.11
Greece,2018,81.5,5.51
Greece,2019,81.4,5.11
Greece,2020,81.1,5.23
Greece,2021,80.1,5.79
Greece,2022,80.8,5.2
Greece,2023,81.7,5.28
Greece,2024,81.9,5.27
Hungary,2015,75.6,4.3
Hungary,2016,76.1,4.26
Hungary,2017,75.9,4.27
Hungary,2018,76,4.35
Hungary,2019,76.3,4.23
Hungary,2020,75.5,4.24
Hungary,2021,74.1,4.16
Hungary,2022,75.9,4.16
Hungary,2023,76.7,4.43
Hungary,2024,76.8,4.39
Ireland,2015,81.4,4.5
Ireland,2016,81.6,4.45
Ireland,2017,82,4.63
Ireland,2018,82,4.23
Ireland,2019,82.5,4.02
Ireland,2020,82.3,3.92
Ireland,2021,82.1,3.75
Ireland,2022,82.4,3.81
Ireland,2023,82.7,3.86
Ireland,2024,83.1,3.74
Italy,2015,82.4,5.84
Italy,2016,83,6.27
Italy,2017,82.8,5.92
Italy,2018,83.1,6.09
Italy,2019,83.4,6.01
Italy,2020,82.2,5.75
Italy,2021,82.6,5.86
Italy,2022,82.8,5.62
Italy,2023,83.3,5.27
Italy,2024,83.7,5.53
Latvia,2015,74.7,6.51
Latvia,2016,74.8,6.2
Latvia,2017,74.8,6.3
Latvia,2018,75,6.78
Latvia,2019,75.7,6.54
Latvia,2020,75.4,6.27
Latvia,2021,73.2,6.63
Latvia,2022,74.5,6.33
Latvia,2023,75.6,6.2
Latvia,2024,76.4,6.28
Lithuania,2015,74.4,7.46
Lithuania,2016,74.8,7.06
Lithuania,2017,75.7,7.28
Lithuania,2018,75.9,7.09
Lithuania,2019,76.4,6.44
Lithuania,2020,75.2,6.14
Lithuania,2021,74.3,6.14
Lithuania,2022,75.8,6.39
Lithuania,2023,77.4,6.32
Lithuania,2024,77.5,6.54
Luxembourg,2015,82,4.26
Luxembourg,2016,82.3,4.62
Luxembourg,2017,81.8,4.56
Luxembourg,2018,82.1,5.18
Luxembourg,2019,82.4,5.34
Luxembourg,2020,82.1,4.99
Luxembourg,2021,82.5,4.59
Luxembourg,2022,82.8,4.51
Luxembourg,2023,83.1,4.79
Luxembourg,2024,83.2,4.68
Malta,2015,81.7,4.15
Malta,2016,82.1,4.22
Malta,2017,82,4.21
Malta,2018,82.1,4.28
Malta,2019,82.4,4.18
Malta,2020,81.9,4.69
Malta,2021,82,5.03
Malta,2022,82.1,4.75
Malta,2023,83.1,5.3
Malta,2024,83,5.07
Netherlands,2015,81.5,3.82
Netherlands,2016,81.5,3.93
Netherlands,2017,81.7,3.99
Netherlands,2018,81.8,4.05
Netherlands,2019,82.1,3.94
Netherlands,2020,81.4,4.15
Netherlands,2021,81.3,3.88
Netherlands,2022,81.6,3.94
Netherlands,2023,81.8,3.87
Netherlands,2024,81.9,3.72
Poland,2015,77.4,4.92
Poland,2016,77.8,4.76
Poland,2017,77.7,4.56
Poland,2018,77.6,4.25
Poland,2019,77.9,4.37
Poland,2020,76.4,4.07
Poland,2021,75.4,4.03
Poland,2022,77.1,3.91
Poland,2023,78.2,4.06
Poland,2024,78.5,3.85
Portugal,2015,81.3,6.01
Portugal,2016,81.4,5.88
Portugal,2017,81.6,5.75
Portugal,2018,81.6,5.22
Portugal,2019,82,5.16
Portugal,2020,81.4,4.99
Portugal,2021,81.4,5.66
Portugal,2022,81.7,5.13
Portugal,2023,82.3,5.6
Portugal,2024,82.5,5.2
Romania,2015,74.9,8.32
Romania,2016,75.2,7.2
Romania,2017,75.2,6.45
Romania,2018,75.3,7.21
Romania,2019,75.6,7.08
Romania,2020,74.1,6.62
Romania,2021,72.8,7.1
Romania,2022,75.1,6
Romania,2023,76.3,5.83
Romania,2024,76.5,4.62
Slovakia,2015,76.7,3.54
Slovakia,2016,77.3,3.63
Slovakia,2017,77.3,3.49
Slovakia,2018,77.3,3.03
Slovakia,2019,77.7,3.34
Slovakia,2020,77,3.03
Slovakia,2021,74.6,3.2
Slovakia,2022,77,3.12
Slovakia,2023,78.1,3.63
Slovakia,2024,78.4,3.28
Slovenia,2015,80.6,3.6
Slovenia,2016,81,3.56
Slovenia,2017,80.9,3.42
Slovenia,2018,81.2,3.38
Slovenia,2019,81.4,3.39
Slovenia,2020,80.5,3.32
Slovenia,2021,80.6,3.24
Slovenia,2022,81.2,3.28
Slovenia,2023,81.8,3.34
Slovenia,2024,82.1,3.42
Spain,2015,82.7,6.87
Spain,2016,83.1,6.6
Spain,2017,83,6.59
Spain,2018,83.1,6.03
Spain,2019,83.5,5.94
Spain,2020,82.3,5.77
Spain,2021,83,6.19
Spain,2022,83.1,5.63
Spain,2023,83.8,5.5
Spain,2024,84,5.39
Sweden,2015,82.2,4.06
Sweden,2016,82.3,4.25
Sweden,2017,82.4,4.27
Sweden,2018,82.5,4.13
Sweden,2019,83.1,4.33
Sweden,2020,82.4,4.12
Sweden,2021,83,4.04
Sweden,2022,83,4.34
Sweden,2023,83.2,4.73
Sweden,2024,83.8,4.34
